{
  "$schema": "https://json.schemastore.org/ocelot.json",
  "Routes": [
    //{
    //  "DownstreamPathTemplate": "/Products",
    //  "DownstreamScheme": "http",
    //  "DownstreamHost": "localhost",
    //  "DownstreamPort": 7200,
    //  "UpstreamPathTemplate": "/manufacture/products",
    //  "UpstreamHttpMethod": [ "Get" ]
    //}
    {
      "DownstreamPathTemplate": "/Products",
      "DownstreamScheme": "https",
      "DownstreamHostAndPorts": [
        {
          "Host": "localhost",
          "Port": "7200"
        }
      ],
      "UpstreamPathTemplate": "/manufacture/products",
      "UpstreamHttpMethod": [ "Get" ]
    },
    {
      "DownstreamPathTemplate": "/orders",
      "DownstreamScheme": "https",
      "DownstreamHostAndPorts": [
        {
          "Host": "localhost",
          "Port": "7021"
        }
      ],
      "UpstreamPathTemplate": "/sales/orders",
      "UpstreamHttpMethod": [ "Get", "Post" ]
    },
    {
      "DownstreamPathTemplate": "/products/{id}",
      "DownstreamScheme": "https",
      "DownstreamHostAndPorts": [
        {
          "Host": "localhost",
          "Port": "7200"
        }
      ],
      "UpstreamPathTemplate": "/manufacture/products/{id}",
      "UpstreamHttpMethod": [ "Get", "Post" ]
    },
    {
      "DownstreamPathTemplate": "/orders/{id}",
      "DownstreamScheme": "https",
      "DownstreamHostAndPorts": [
        {
          "Host": "localhost",
          "Port": "7021"
        }
      ],
      "UpstreamPathTemplate": "/sales/orders/{id}",
      "UpstreamHttpMethod": [ "Get", "Post" ]
    }
  ],
  "GlobalConfiguration": {}
}
